id,date,text
1,2026-09-09 07:00,Our team played brilliantly #Cricket
2,2026-09-24 17:00,Love how clean this ML pipeline turned out #MachineLearning
3,2026-09-07 07:00,AI is changing how we work #AI #Fitness
4,2026-09-07 22:00,Beautiful dashboard shipped today #DataScience
5,2026-09-09 00:00,Our team played brilliantly #Cricket #DataScience #Food
6,2026-09-09 04:00,Funding is tough right now #Startup #Travel
7,2026-09-13 03:00,Just finished a great ML course #MachineLearning
8,2026-09-26 01:00,"Debugging Python all night, awful #Python #Fitness"
9,2026-09-03 17:00,Funding is tough right now #Startup
10,2026-09-23 02:00,Just finished a great ML course #MachineLearning #Fitness
11,2026-09-28 07:00,AI is changing how we work #AI #Cricket
12,2026-09-27 11:00,Street food never disappoints #Food #Cricket
13,2026-09-09 22:00,AI hype is getting out of hand #AI #DataScience
14,2026-09-21 05:00,"Great update, works smoothly #Tech"
15,2026-09-13 08:00,Messy data ruins my day #DataScience #Python
16,2026-09-08 01:00,"Morning run done, feeling strong #Fitness #Startup"
17,2026-09-30 18:00,Amazing sunset in Goa #Travel #Cricket #MachineLearning
18,2026-09-16 12:00,Street food never disappoints #Food #DataScience
19,2026-09-08 23:00,This biryani is incredible #Food #Python #Cricket
20,2026-09-29 18:00,Messy data ruins my day #DataScience #Fitness
21,2026-09-16 02:00,Best language for quick prototypes #Python
22,2026-09-21 05:00,"Launch day, feeling great #Startup"
23,2026-09-13 19:00,"Flight delayed again, so annoying #Travel #Fitness #MachineLearning"
24,2026-09-22 23:00,"Morning run done, feeling strong #Fitness #Tech"
25,2026-09-10 13:00,AI is changing how we work #AI #Startup
26,2026-09-29 23:00,AI hype is getting out of hand #AI
27,2026-09-28 20:00,Just finished a great ML course #MachineLearning #Tech
28,2026-09-25 05:00,Struggling with model overfitting again #MachineLearning #Python
29,2026-09-11 15:00,Beautiful dashboard shipped today #DataScience
30,2026-09-02 07:00,AI is changing how we work #AI #Cricket
31,2026-09-24 15:00,This biryani is incredible #Food
32,2026-09-16 17:00,Best trip of the year #Travel #Python
33,2026-09-23 06:00,AI hype is getting out of hand #AI #DataScience #Tech
34,2026-09-15 03:00,Proud of our small team #Startup #Food
35,2026-09-01 18:00,Struggling with model overfitting again #MachineLearning
36,2026-09-23 20:00,Data science roles are booming #DataScience #AI
37,2026-09-28 10:00,AI is changing how we work #AI
38,2026-09-16 06:00,AI hype is getting out of hand #AI #Cricket
39,2026-09-07 03:00,Messy data ruins my day #DataScience #Food
40,2026-09-15 23:00,Excited about the new AI models #AI #Startup #Travel
41,2026-09-13 23:00,AI is changing how we work #AI
42,2026-09-07 06:00,Python makes data work so easy #Python
43,2026-09-09 14:00,Data science roles are booming #DataScience #Travel
44,2026-09-26 17:00,Struggling with model overfitting again #MachineLearning
45,2026-09-30 07:00,AI is changing how we work #AI
46,2026-09-29 01:00,Excited about the new AI models #AI #Food #DataScience
47,2026-09-09 14:00,Excited about the new AI models #AI
48,2026-09-07 01:00,Struggling with model overfitting again #MachineLearning #Python #DataScience
49,2026-09-11 01:00,Beautiful dashboard shipped today #DataScience
50,2026-09-02 16:00,AI is changing how we work #AI #Tech #Fitness
51,2026-09-03 21:00,AI hype is getting out of hand #AI #MachineLearning
52,2026-09-20 01:00,Street food never disappoints #Food #MachineLearning #DataScience
53,2026-09-30 08:00,Terrible umpiring decision #Cricket #Fitness #Tech
54,2026-09-13 04:00,Struggling with model overfitting again #MachineLearning #DataScience
55,2026-09-30 02:00,Terrible umpiring decision #Cricket #Food
56,2026-09-18 06:00,AI is changing how we work #AI
57,2026-09-29 07:00,Data science roles are booming #DataScience #Startup
58,2026-09-23 09:00,Best language for quick prototypes #Python #Food
59,2026-09-27 17:00,Our team played brilliantly #Cricket
60,2026-09-09 03:00,Just finished a great ML course #MachineLearning
61,2026-09-20 06:00,"Overpriced and bland, disappointing #Food #Cricket"
62,2026-09-16 08:00,Proud of our small team #Startup #Cricket
63,2026-09-21 13:00,This biryani is incredible #Food
64,2026-09-11 04:00,Amazing sunset in Goa #Travel
65,2026-09-15 17:00,Our team played brilliantly #Cricket #Python
66,2026-09-03 22:00,"Launch day, feeling great #Startup"
67,2026-09-19 17:00,"Overpriced and bland, disappointing #Food"
68,2026-09-12 01:00,Excited about the new AI models #AI
69,2026-09-04 11:00,Street food never disappoints #Food #DataScience
70,2026-09-28 05:00,Amazing sunset in Goa #Travel #Fitness #Python
71,2026-09-06 23:00,"Morning run done, feeling strong #Fitness #Travel"
72,2026-09-26 22:00,New phone launch looks impressive #Tech #DataScience #Cricket
73,2026-09-08 06:00,Excited about the new AI models #AI
74,2026-09-08 00:00,Amazing sunset in Goa #Travel #Startup #Cricket
75,2026-09-25 08:00,What a fantastic match today #Cricket #Startup
76,2026-09-04 08:00,Python makes data work so easy #Python #Tech #Startup
77,2026-09-20 13:00,Just finished a great ML course #MachineLearning #AI
78,2026-09-17 03:00,Best language for quick prototypes #Python #Travel
79,2026-09-23 13:00,Python makes data work so easy #Python #Cricket
80,2026-09-03 21:00,Excited about the new AI models #AI #Startup
81,2026-09-29 09:00,"Great update, works smoothly #Tech #MachineLearning"
82,2026-09-10 17:00,Beautiful dashboard shipped today #DataScience #Startup #Travel
83,2026-09-19 09:00,AI hype is getting out of hand #AI #Travel #Python
84,2026-09-10 06:00,"Debugging Python all night, awful #Python"
85,2026-09-15 21:00,"Debugging Python all night, awful #Python #Food"
86,2026-09-17 21:00,Struggling with model overfitting again #MachineLearning #Python
87,2026-09-22 09:00,What a fantastic match today #Cricket #MachineLearning
88,2026-09-02 07:00,Just finished a great ML course #MachineLearning #Python
89,2026-09-14 20:00,"Skipped the gym, feeling lazy #Fitness"
90,2026-09-05 20:00,Data science roles are booming #DataScience #Food #Travel
91,2026-09-08 05:00,Terrible umpiring decision #Cricket
92,2026-09-30 03:00,Amazing sunset in Goa #Travel #AI #Tech
93,2026-09-11 14:00,Best language for quick prototypes #Python #Tech #Fitness
94,2026-09-24 15:00,What a fantastic match today #Cricket #Tech #Food
95,2026-09-16 20:00,Best language for quick prototypes #Python #Cricket
96,2026-09-09 10:00,Just finished a great ML course #MachineLearning #Cricket
97,2026-09-05 07:00,Just finished a great ML course #MachineLearning
98,2026-09-14 13:00,Python makes data work so easy #Python #DataScience
99,2026-09-27 13:00,Python makes data work so easy #Python #Travel #AI
100,2026-09-13 15:00,Best language for quick prototypes #Python
101,2026-09-28 13:00,Excited about the new AI models #AI #Cricket
102,2026-09-09 13:00,Data science roles are booming #DataScience #Food
103,2026-09-06 14:00,Beautiful dashboard shipped today #DataScience #Startup #Travel
104,2026-09-19 18:00,Battery life is horrible #Tech
105,2026-09-14 04:00,Our team played brilliantly #Cricket
106,2026-09-13 10:00,"Overpriced and bland, disappointing #Food #AI"
107,2026-09-09 13:00,Struggling with model overfitting again #MachineLearning #Startup
108,2026-09-01 23:00,Struggling with model overfitting again #MachineLearning
109,2026-09-03 20:00,Beautiful dashboard shipped today #DataScience
110,2026-09-07 00:00,AI is changing how we work #AI
111,2026-09-22 03:00,Terrible umpiring decision #Cricket #Python
112,2026-09-09 11:00,Beautiful dashboard shipped today #DataScience #Food
113,2026-09-10 03:00,AI is changing how we work #AI
114,2026-09-30 12:00,Beautiful dashboard shipped today #DataScience #Fitness
115,2026-09-23 20:00,Best language for quick prototypes #Python #MachineLearning
116,2026-09-26 18:00,Just finished a great ML course #MachineLearning #Fitness
117,2026-09-22 11:00,"Flight delayed again, so annoying #Travel #Tech"
118,2026-09-27 15:00,Excited about the new AI models #AI
119,2026-09-05 13:00,AI hype is getting out of hand #AI #Food
120,2026-09-25 15:00,Love how clean this ML pipeline turned out #MachineLearning #Fitness
121,2026-09-27 02:00,Python makes data work so easy #Python #Startup
122,2026-09-20 21:00,Love how clean this ML pipeline turned out #MachineLearning #DataScience #Food
123,2026-09-28 10:00,"Debugging Python all night, awful #Python"
124,2026-09-11 08:00,Struggling with model overfitting again #MachineLearning #Startup
125,2026-09-17 06:00,This biryani is incredible #Food #Tech
126,2026-09-23 15:00,AI is changing how we work #AI #Food #Tech
127,2026-09-10 07:00,What a fantastic match today #Cricket #Food #AI
128,2026-09-19 11:00,Best language for quick prototypes #Python #Cricket
129,2026-09-18 10:00,Beautiful dashboard shipped today #DataScience #Travel
130,2026-09-08 03:00,"Debugging Python all night, awful #Python #Cricket #Fitness"
131,2026-09-18 22:00,Proud of our small team #Startup #MachineLearning
132,2026-09-24 18:00,Struggling with model overfitting again #MachineLearning #Food
133,2026-09-10 07:00,"Morning run done, feeling strong #Fitness #MachineLearning"
134,2026-09-18 04:00,Best language for quick prototypes #Python #AI
135,2026-09-10 22:00,Love how clean this ML pipeline turned out #MachineLearning
136,2026-09-10 15:00,"Great update, works smoothly #Tech #MachineLearning #AI"
137,2026-09-09 15:00,Data science roles are booming #DataScience #Python
138,2026-09-16 02:00,Excited about the new AI models #AI
139,2026-09-05 18:00,Data science roles are booming #DataScience
140,2026-09-04 17:00,New phone launch looks impressive #Tech
141,2026-09-15 14:00,Funding is tough right now #Startup #Tech
142,2026-09-24 03:00,Love how clean this ML pipeline turned out #MachineLearning #Cricket #AI
143,2026-09-22 02:00,Battery life is horrible #Tech #DataScience
144,2026-09-06 00:00,AI is changing how we work #AI #Tech
145,2026-09-10 22:00,Python makes data work so easy #Python #Cricket #AI
146,2026-09-26 20:00,Struggling with model overfitting again #MachineLearning #DataScience
147,2026-09-18 07:00,What a fantastic match today #Cricket #Travel
148,2026-09-02 05:00,What a fantastic match today #Cricket #Python
149,2026-09-15 22:00,Amazing sunset in Goa #Travel #Food
150,2026-09-16 14:00,Love how clean this ML pipeline turned out #MachineLearning #Cricket #Tech
151,2026-09-24 10:00,Excited about the new AI models #AI
152,2026-09-08 21:00,What a fantastic match today #Cricket
153,2026-09-27 08:00,Best trip of the year #Travel
154,2026-09-21 14:00,Beautiful dashboard shipped today #DataScience #Food
155,2026-09-21 15:00,Battery life is horrible #Tech #Fitness
156,2026-09-11 21:00,"Skipped the gym, feeling lazy #Fitness #Startup #Travel"
157,2026-09-23 15:00,Excited about the new AI models #AI #Startup
158,2026-09-03 10:00,Struggling with model overfitting again #MachineLearning #Tech #AI
159,2026-09-28 16:00,Struggling with model overfitting again #MachineLearning
160,2026-09-28 17:00,Best trip of the year #Travel
161,2026-09-17 11:00,Python makes data work so easy #Python
162,2026-09-09 17:00,What a fantastic match today #Cricket #Food #AI
163,2026-09-16 03:00,AI hype is getting out of hand #AI #Food
164,2026-09-18 00:00,Excited about the new AI models #AI #Python
165,2026-09-27 03:00,Data science roles are booming #DataScience
166,2026-09-27 04:00,Best language for quick prototypes #Python
167,2026-09-09 13:00,Beautiful dashboard shipped today #DataScience #Tech
168,2026-09-05 12:00,Best trip of the year #Travel #DataScience #Food
169,2026-09-25 13:00,Struggling with model overfitting again #MachineLearning
170,2026-09-24 09:00,"Debugging Python all night, awful #Python #AI"
171,2026-09-16 11:00,Best trip of the year #Travel #Python #Food
172,2026-09-23 07:00,Python makes data work so easy #Python #Food #Startup
173,2026-09-11 23:00,Data science roles are booming #DataScience #Travel
174,2026-09-02 04:00,Messy data ruins my day #DataScience #Travel #Python
175,2026-09-04 16:00,Messy data ruins my day #DataScience #MachineLearning
176,2026-09-05 13:00,Street food never disappoints #Food
177,2026-09-26 08:00,"Overpriced and bland, disappointing #Food #MachineLearning"
178,2026-09-28 17:00,Best language for quick prototypes #Python #MachineLearning #Startup
179,2026-09-02 19:00,Best language for quick prototypes #Python #Food
180,2026-09-03 13:00,AI hype is getting out of hand #AI #DataScience
181,2026-09-06 22:00,"Skipped the gym, feeling lazy #Fitness"
182,2026-09-11 01:00,Just finished a great ML course #MachineLearning
183,2026-09-08 16:00,Just finished a great ML course #MachineLearning #Travel
184,2026-09-03 19:00,Python makes data work so easy #Python
185,2026-09-05 07:00,Street food never disappoints #Food
186,2026-09-22 00:00,"Debugging Python all night, awful #Python #Food"
187,2026-09-03 14:00,This biryani is incredible #Food #Cricket #Tech
188,2026-09-09 14:00,"Great update, works smoothly #Tech #Travel"
189,2026-09-04 07:00,"Overpriced and bland, disappointing #Food #Travel"
190,2026-09-23 09:00,"Debugging Python all night, awful #Python #Fitness"
191,2026-09-28 21:00,AI hype is getting out of hand #AI #Cricket
192,2026-09-24 15:00,Best trip of the year #Travel
193,2026-09-26 11:00,Best trip of the year #Travel #DataScience
194,2026-09-22 23:00,Struggling with model overfitting again #MachineLearning #Fitness
195,2026-09-21 01:00,Proud of our small team #Startup #MachineLearning
196,2026-09-05 02:00,Love how clean this ML pipeline turned out #MachineLearning #AI #Startup
197,2026-09-07 04:00,This biryani is incredible #Food #Travel
198,2026-09-30 08:00,Best trip of the year #Travel #Tech
199,2026-09-24 10:00,"Flight delayed again, so annoying #Travel #Food"
200,2026-09-28 21:00,Amazing sunset in Goa #Travel #MachineLearning #Python
201,2026-09-26 12:00,"Launch day, feeling great #Startup #Tech"
202,2026-09-12 21:00,Excited about the new AI models #AI
203,2026-09-27 20:00,Funding is tough right now #Startup #Fitness
204,2026-09-08 15:00,"Great update, works smoothly #Tech"
205,2026-09-21 02:00,AI is changing how we work #AI #Fitness
206,2026-09-05 01:00,What a fantastic match today #Cricket #Travel
207,2026-09-04 07:00,New phone launch looks impressive #Tech #Food
208,2026-09-12 21:00,"Overpriced and bland, disappointing #Food #Travel"
209,2026-09-21 03:00,Battery life is horrible #Tech #Fitness #Python
210,2026-09-12 06:00,Best trip of the year #Travel #Cricket #AI
211,2026-09-22 11:00,Python makes data work so easy #Python #Startup
212,2026-09-09 06:00,Messy data ruins my day #DataScience #AI
213,2026-09-21 19:00,Great workout today #Fitness #MachineLearning #DataScience
214,2026-09-08 04:00,"Skipped the gym, feeling lazy #Fitness"
215,2026-09-07 18:00,Best trip of the year #Travel #MachineLearning
216,2026-09-26 19:00,Just finished a great ML course #MachineLearning #Startup
217,2026-09-09 05:00,AI hype is getting out of hand #AI #Python
218,2026-09-01 11:00,AI is changing how we work #AI
219,2026-09-01 05:00,"Flight delayed again, so annoying #Travel #Fitness"
220,2026-09-04 23:00,Love how clean this ML pipeline turned out #MachineLearning #Travel
221,2026-09-04 14:00,AI hype is getting out of hand #AI #Startup #Tech
222,2026-09-26 21:00,Beautiful dashboard shipped today #DataScience
223,2026-09-28 12:00,Messy data ruins my day #DataScience #AI #Fitness
224,2026-09-23 14:00,"Debugging Python all night, awful #Python"
225,2026-09-20 04:00,Excited about the new AI models #AI
226,2026-09-19 17:00,AI hype is getting out of hand #AI #Fitness
227,2026-09-15 16:00,Funding is tough right now #Startup #Fitness #Tech
228,2026-09-04 20:00,Our team played brilliantly #Cricket
229,2026-09-29 07:00,Terrible umpiring decision #Cricket #Travel
230,2026-09-04 10:00,Best language for quick prototypes #Python #Travel #Fitness
231,2026-09-22 15:00,Python makes data work so easy #Python #Startup
232,2026-09-14 03:00,AI is changing how we work #AI
233,2026-09-02 18:00,Proud of our small team #Startup #Python
234,2026-09-12 21:00,Battery life is horrible #Tech #MachineLearning
235,2026-09-10 11:00,"Great update, works smoothly #Tech #AI #Cricket"
236,2026-09-16 07:00,AI hype is getting out of hand #AI #Python
237,2026-09-04 08:00,"Overpriced and bland, disappointing #Food #Tech"
238,2026-09-20 21:00,Data science roles are booming #DataScience #Tech #Fitness
239,2026-09-09 22:00,Amazing sunset in Goa #Travel #AI
240,2026-09-06 04:00,"Launch day, feeling great #Startup"
241,2026-09-21 00:00,Beautiful dashboard shipped today #DataScience #MachineLearning #Python
242,2026-09-15 10:00,Excited about the new AI models #AI #Travel
243,2026-09-20 02:00,AI hype is getting out of hand #AI #Startup
244,2026-09-02 21:00,Street food never disappoints #Food #Python
245,2026-09-15 13:00,AI hype is getting out of hand #AI #Travel #Food
246,2026-09-14 03:00,Struggling with model overfitting again #MachineLearning
247,2026-09-08 12:00,Just finished a great ML course #MachineLearning #Tech #Cricket
248,2026-09-07 09:00,"Morning run done, feeling strong #Fitness"
249,2026-09-11 03:00,Battery life is horrible #Tech #Cricket
250,2026-09-18 22:00,Excited about the new AI models #AI #Python #Fitness
251,2026-09-28 23:00,Struggling with model overfitting again #MachineLearning
252,2026-09-30 02:00,Excited about the new AI models #AI
253,2026-09-21 13:00,Street food never disappoints #Food #Fitness #Travel
254,2026-09-26 19:00,Just finished a great ML course #MachineLearning #AI #Startup
255,2026-09-28 03:00,"Debugging Python all night, awful #Python #MachineLearning"
256,2026-09-28 09:00,Struggling with model overfitting again #MachineLearning #Tech
257,2026-09-03 16:00,"Launch day, feeling great #Startup"
258,2026-09-24 20:00,Terrible umpiring decision #Cricket #Startup
259,2026-09-09 06:00,Amazing sunset in Goa #Travel #MachineLearning
260,2026-09-25 20:00,Just finished a great ML course #MachineLearning
261,2026-09-11 04:00,Beautiful dashboard shipped today #DataScience #Fitness #Startup
262,2026-09-19 01:00,"Debugging Python all night, awful #Python #Food #Cricket"
263,2026-09-15 14:00,"Debugging Python all night, awful #Python"
264,2026-09-21 02:00,AI is changing how we work #AI #Cricket
265,2026-09-29 01:00,Our team played brilliantly #Cricket #Food #Tech
266,2026-09-16 16:00,Best language for quick prototypes #Python #Startup
267,2026-09-04 10:00,Excited about the new AI models #AI
268,2026-09-21 05:00,Great workout today #Fitness
269,2026-09-20 05:00,AI hype is getting out of hand #AI #Food #Tech
270,2026-09-25 10:00,"Debugging Python all night, awful #Python #Travel"
271,2026-09-21 10:00,Our team played brilliantly #Cricket
272,2026-09-22 12:00,AI hype is getting out of hand #AI
273,2026-09-19 21:00,Just finished a great ML course #MachineLearning #Startup
274,2026-09-23 21:00,AI hype is getting out of hand #AI #Cricket
275,2026-09-18 12:00,"Debugging Python all night, awful #Python"
276,2026-09-23 23:00,Our team played brilliantly #Cricket #Python
277,2026-09-22 13:00,Great workout today #Fitness
278,2026-09-10 05:00,Messy data ruins my day #DataScience
279,2026-09-08 04:00,New phone launch looks impressive #Tech #Food
280,2026-09-25 17:00,AI hype is getting out of hand #AI #MachineLearning
281,2026-09-11 19:00,Best trip of the year #Travel
282,2026-09-27 22:00,AI is changing how we work #AI #Python #Fitness
283,2026-09-14 11:00,"Launch day, feeling great #Startup #Food"
284,2026-09-10 23:00,Our team played brilliantly #Cricket #Food
285,2026-09-10 15:00,Amazing sunset in Goa #Travel #Tech
286,2026-09-19 14:00,Street food never disappoints #Food #Startup
287,2026-09-17 13:00,Best language for quick prototypes #Python #Travel
288,2026-09-28 08:00,"Morning run done, feeling strong #Fitness"
289,2026-09-23 16:00,AI is changing how we work #AI #Startup #Tech
290,2026-09-09 14:00,This biryani is incredible #Food #MachineLearning
291,2026-09-30 07:00,This biryani is incredible #Food #Travel
292,2026-09-02 12:00,"Flight delayed again, so annoying #Travel #AI"
293,2026-09-12 07:00,Data science roles are booming #DataScience #Travel
294,2026-09-21 10:00,AI hype is getting out of hand #AI
295,2026-09-30 15:00,"Flight delayed again, so annoying #Travel #AI"
296,2026-09-20 00:00,Funding is tough right now #Startup #Food
297,2026-09-07 04:00,"Overpriced and bland, disappointing #Food"
298,2026-09-10 03:00,Data science roles are booming #DataScience #MachineLearning #Cricket
299,2026-09-04 15:00,AI is changing how we work #AI #Fitness #Food
300,2026-09-17 18:00,Our team played brilliantly #Cricket
301,2026-09-01 19:00,Struggling with model overfitting again #MachineLearning #Cricket
302,2026-09-12 02:00,Best language for quick prototypes #Python #MachineLearning
303,2026-09-28 15:00,Battery life is horrible #Tech
304,2026-09-01 11:00,AI hype is getting out of hand #AI #Startup #Cricket
305,2026-09-22 20:00,Best trip of the year #Travel #DataScience
306,2026-09-12 17:00,AI is changing how we work #AI #Python
307,2026-09-16 20:00,Best language for quick prototypes #Python #Food
308,2026-09-25 14:00,Love how clean this ML pipeline turned out #MachineLearning
309,2026-09-29 01:00,AI is changing how we work #AI
310,2026-09-27 17:00,Struggling with model overfitting again #MachineLearning #Tech
311,2026-09-07 09:00,Beautiful dashboard shipped today #DataScience
312,2026-09-11 08:00,Best language for quick prototypes #Python
313,2026-09-24 14:00,Excited about the new AI models #AI #Travel
314,2026-09-23 15:00,"Overpriced and bland, disappointing #Food #Startup #Python"
315,2026-09-14 02:00,Best language for quick prototypes #Python #MachineLearning
316,2026-09-11 03:00,"Debugging Python all night, awful #Python #Tech"
317,2026-09-20 22:00,Excited about the new AI models #AI #Cricket
318,2026-09-24 11:00,Python makes data work so easy #Python #Startup #Food
319,2026-09-22 20:00,What a fantastic match today #Cricket #AI
320,2026-09-28 19:00,Python makes data work so easy #Python #AI
321,2026-09-08 20:00,What a fantastic match today #Cricket #AI #Python
322,2026-09-05 21:00,Best language for quick prototypes #Python #Fitness #AI
323,2026-09-25 02:00,"Debugging Python all night, awful #Python #Startup"
324,2026-09-21 08:00,Messy data ruins my day #DataScience #Travel
325,2026-09-24 05:00,Just finished a great ML course #MachineLearning
326,2026-09-25 08:00,Messy data ruins my day #DataScience #Tech #MachineLearning
327,2026-09-23 15:00,Funding is tough right now #Startup #Fitness
328,2026-09-06 22:00,Struggling with model overfitting again #MachineLearning
329,2026-09-28 10:00,Best language for quick prototypes #Python
330,2026-09-18 09:00,Our team played brilliantly #Cricket
331,2026-09-17 07:00,"Overpriced and bland, disappointing #Food #Python"
332,2026-09-26 15:00,AI is changing how we work #AI #Python
333,2026-09-05 19:00,AI hype is getting out of hand #AI #Food
334,2026-09-13 22:00,"Overpriced and bland, disappointing #Food"
335,2026-09-11 20:00,"Launch day, feeling great #Startup #Travel #MachineLearning"
336,2026-09-29 17:00,AI is changing how we work #AI #Tech #Startup
337,2026-09-17 01:00,Terrible umpiring decision #Cricket #Python
338,2026-09-06 10:00,Amazing sunset in Goa #Travel #Cricket
339,2026-09-29 09:00,"Great update, works smoothly #Tech #Startup"
340,2026-09-18 08:00,Street food never disappoints #Food #DataScience
341,2026-09-03 16:00,AI hype is getting out of hand #AI #Fitness
342,2026-09-20 23:00,Our team played brilliantly #Cricket #Python
343,2026-09-27 00:00,This biryani is incredible #Food #Fitness
344,2026-09-14 19:00,AI hype is getting out of hand #AI #DataScience
345,2026-09-10 15:00,Our team played brilliantly #Cricket #Tech
346,2026-09-23 01:00,Just finished a great ML course #MachineLearning #Cricket #Food
347,2026-09-11 19:00,AI is changing how we work #AI #Food #Fitness
348,2026-09-05 11:00,Excited about the new AI models #AI #Startup
349,2026-09-08 14:00,Messy data ruins my day #DataScience
350,2026-09-02 09:00,AI is changing how we work #AI #DataScience #Python
351,2026-09-30 18:00,Battery life is horrible #Tech #DataScience #Python
352,2026-09-17 14:00,Funding is tough right now #Startup #Python
353,2026-09-03 12:00,Data science roles are booming #DataScience #Food
354,2026-09-12 01:00,Beautiful dashboard shipped today #DataScience
355,2026-09-18 00:00,Excited about the new AI models #AI #Fitness #Food
356,2026-09-12 12:00,Street food never disappoints #Food #Python #Cricket
357,2026-09-12 17:00,Python makes data work so easy #Python #AI #Tech
358,2026-09-09 19:00,Love how clean this ML pipeline turned out #MachineLearning #Tech #Food
359,2026-09-04 12:00,What a fantastic match today #Cricket
360,2026-09-25 04:00,"Debugging Python all night, awful #Python #Tech"
361,2026-09-02 04:00,Just finished a great ML course #MachineLearning #Tech #AI
362,2026-09-20 16:00,"Launch day, feeling great #Startup #Tech #Food"
363,2026-09-20 23:00,Excited about the new AI models #AI #Python
364,2026-09-18 15:00,Best trip of the year #Travel #Tech
365,2026-09-12 10:00,"Launch day, feeling great #Startup #Food"
366,2026-09-28 22:00,Our team played brilliantly #Cricket #Fitness
367,2026-09-02 18:00,Our team played brilliantly #Cricket #DataScience
368,2026-09-19 22:00,Data science roles are booming #DataScience #Python
369,2026-09-11 13:00,Excited about the new AI models #AI
370,2026-09-25 19:00,AI hype is getting out of hand #AI #Travel
371,2026-09-05 16:00,"Great update, works smoothly #Tech"
372,2026-09-13 10:00,Love how clean this ML pipeline turned out #MachineLearning #Food
373,2026-09-12 21:00,"Great update, works smoothly #Tech #Startup"
374,2026-09-07 07:00,Funding is tough right now #Startup #Fitness
375,2026-09-25 09:00,Struggling with model overfitting again #MachineLearning #DataScience
376,2026-09-18 23:00,Funding is tough right now #Startup #Food
377,2026-09-22 17:00,Love how clean this ML pipeline turned out #MachineLearning
378,2026-09-02 09:00,"Debugging Python all night, awful #Python #Startup"
379,2026-09-30 14:00,Battery life is horrible #Tech
380,2026-09-09 17:00,Our team played brilliantly #Cricket #DataScience #Fitness
381,2026-09-24 18:00,Proud of our small team #Startup #MachineLearning
382,2026-09-29 16:00,Love how clean this ML pipeline turned out #MachineLearning
383,2026-09-14 10:00,Just finished a great ML course #MachineLearning #AI
384,2026-09-25 04:00,Proud of our small team #Startup
385,2026-09-30 15:00,AI hype is getting out of hand #AI #Travel
386,2026-09-10 20:00,Messy data ruins my day #DataScience #Cricket
387,2026-09-19 07:00,AI hype is getting out of hand #AI
388,2026-09-14 05:00,Data science roles are booming #DataScience
389,2026-09-26 15:00,Battery life is horrible #Tech
390,2026-09-10 18:00,Just finished a great ML course #MachineLearning #AI
391,2026-09-21 17:00,Terrible umpiring decision #Cricket
392,2026-09-09 06:00,Messy data ruins my day #DataScience #Tech
393,2026-09-15 20:00,Best trip of the year #Travel #Python
394,2026-09-11 09:00,Love how clean this ML pipeline turned out #MachineLearning #AI
395,2026-09-28 20:00,Beautiful dashboard shipped today #DataScience #Python
396,2026-09-13 21:00,This biryani is incredible #Food #Tech #Startup
397,2026-09-30 07:00,Excited about the new AI models #AI #Food
398,2026-09-11 09:00,Excited about the new AI models #AI #DataScience #Food
399,2026-09-21 11:00,Messy data ruins my day #DataScience
400,2026-09-04 14:00,Proud of our small team #Startup
401,2026-09-04 20:00,Love how clean this ML pipeline turned out #MachineLearning #Tech #Cricket
402,2026-09-08 07:00,"Great update, works smoothly #Tech #Startup"
403,2026-09-20 11:00,"Great update, works smoothly #Tech #Python #Food"
404,2026-09-22 19:00,Python makes data work so easy #Python #Tech #DataScience
405,2026-09-15 16:00,Street food never disappoints #Food
406,2026-09-04 01:00,Proud of our small team #Startup
407,2026-09-05 05:00,Best trip of the year #Travel #Fitness
408,2026-09-19 15:00,Best language for quick prototypes #Python #MachineLearning #DataScience
409,2026-09-17 13:00,AI is changing how we work #AI #Food
410,2026-09-15 21:00,Best language for quick prototypes #Python
411,2026-09-09 00:00,"Flight delayed again, so annoying #Travel"
412,2026-09-14 11:00,"Launch day, feeling great #Startup"
413,2026-09-30 15:00,"Launch day, feeling great #Startup"
414,2026-09-24 20:00,AI hype is getting out of hand #AI #Python #Fitness
415,2026-09-28 12:00,Battery life is horrible #Tech #Travel
416,2026-09-06 17:00,Python makes data work so easy #Python #Startup
417,2026-09-25 00:00,Python makes data work so easy #Python #DataScience
418,2026-09-13 07:00,Great workout today #Fitness #Tech #Travel
419,2026-09-07 23:00,Struggling with model overfitting again #MachineLearning #Python
420,2026-09-14 19:00,Proud of our small team #Startup
421,2026-09-07 02:00,"Launch day, feeling great #Startup"
422,2026-09-20 21:00,Excited about the new AI models #AI
423,2026-09-24 01:00,"Launch day, feeling great #Startup"
424,2026-09-25 01:00,Python makes data work so easy #Python #Tech
425,2026-09-19 10:00,AI hype is getting out of hand #AI #DataScience
426,2026-09-29 04:00,Messy data ruins my day #DataScience
427,2026-09-09 01:00,"Skipped the gym, feeling lazy #Fitness #Travel"
428,2026-09-16 01:00,Beautiful dashboard shipped today #DataScience #Travel
429,2026-09-14 13:00,Great workout today #Fitness #Tech #Startup
430,2026-09-08 07:00,Excited about the new AI models #AI #Python #Tech
431,2026-09-18 13:00,Just finished a great ML course #MachineLearning #Food
432,2026-09-09 06:00,"Morning run done, feeling strong #Fitness #Travel"
433,2026-09-28 11:00,"Debugging Python all night, awful #Python"
434,2026-09-13 21:00,Excited about the new AI models #AI
435,2026-09-07 18:00,What a fantastic match today #Cricket
436,2026-09-28 10:00,"Launch day, feeling great #Startup #Food"
437,2026-09-30 06:00,Just finished a great ML course #MachineLearning
438,2026-09-25 15:00,"Great update, works smoothly #Tech"
439,2026-09-18 10:00,New phone launch looks impressive #Tech #Travel
440,2026-09-12 09:00,Proud of our small team #Startup #Food #Tech
441,2026-09-16 10:00,Love how clean this ML pipeline turned out #MachineLearning #Food
442,2026-09-02 18:00,Battery life is horrible #Tech #Startup
443,2026-09-18 18:00,"Overpriced and bland, disappointing #Food #AI"
444,2026-09-11 07:00,Data science roles are booming #DataScience #Cricket #Python
445,2026-09-21 21:00,Best language for quick prototypes #Python #Food
446,2026-09-24 11:00,Python makes data work so easy #Python #Food #Fitness
447,2026-09-02 16:00,AI hype is getting out of hand #AI #Python #Tech
448,2026-09-02 00:00,AI hype is getting out of hand #AI
449,2026-09-05 00:00,Best language for quick prototypes #Python #MachineLearning
450,2026-09-21 21:00,Love how clean this ML pipeline turned out #MachineLearning #Startup #AI
451,2026-09-18 17:00,New phone launch looks impressive #Tech #Food #AI
452,2026-09-24 08:00,Best language for quick prototypes #Python
453,2026-09-27 22:00,Beautiful dashboard shipped today #DataScience #AI
454,2026-09-17 04:00,What a fantastic match today #Cricket #MachineLearning
455,2026-09-26 12:00,Struggling with model overfitting again #MachineLearning #Startup
456,2026-09-08 09:00,AI hype is getting out of hand #AI #Food #DataScience
457,2026-09-28 20:00,Our team played brilliantly #Cricket
458,2026-09-13 12:00,Funding is tough right now #Startup
459,2026-09-01 22:00,Beautiful dashboard shipped today #DataScience
460,2026-09-28 03:00,AI hype is getting out of hand #AI #Travel #Startup
461,2026-09-07 22:00,This biryani is incredible #Food
462,2026-09-22 08:00,This biryani is incredible #Food #Cricket #AI
463,2026-09-30 10:00,This biryani is incredible #Food
464,2026-09-25 22:00,AI is changing how we work #AI #Fitness
465,2026-09-06 18:00,"Flight delayed again, so annoying #Travel"
466,2026-09-25 23:00,Struggling with model overfitting again #MachineLearning #Tech #Startup
467,2026-09-24 11:00,AI hype is getting out of hand #AI
468,2026-09-20 19:00,Excited about the new AI models #AI #DataScience #MachineLearning
469,2026-09-09 14:00,"Great update, works smoothly #Tech #Startup #AI"
470,2026-09-14 05:00,Messy data ruins my day #DataScience #Tech
471,2026-09-23 02:00,What a fantastic match today #Cricket #MachineLearning
472,2026-09-26 20:00,AI hype is getting out of hand #AI #Travel
473,2026-09-03 00:00,AI is changing how we work #AI #Startup #Fitness
474,2026-09-05 02:00,New phone launch looks impressive #Tech #Startup #Cricket
475,2026-09-14 03:00,Love how clean this ML pipeline turned out #MachineLearning #Tech #Fitness
476,2026-09-20 19:00,AI is changing how we work #AI #Tech
477,2026-09-13 02:00,"Flight delayed again, so annoying #Travel #AI #Cricket"
478,2026-09-06 21:00,Proud of our small team #Startup #Fitness
479,2026-09-09 15:00,"Debugging Python all night, awful #Python #Cricket"
480,2026-09-14 09:00,Excited about the new AI models #AI #Travel
481,2026-09-09 07:00,Messy data ruins my day #DataScience
482,2026-09-04 04:00,Funding is tough right now #Startup #Fitness #DataScience
483,2026-09-15 10:00,Struggling with model overfitting again #MachineLearning #Startup #Travel
484,2026-09-20 22:00,"Debugging Python all night, awful #Python #Cricket"
485,2026-09-11 09:00,Struggling with model overfitting again #MachineLearning #Python
486,2026-09-13 08:00,Funding is tough right now #Startup #Fitness #DataScience
487,2026-09-07 18:00,Best trip of the year #Travel #Startup #MachineLearning
488,2026-09-24 14:00,"Morning run done, feeling strong #Fitness #Tech"
489,2026-09-27 22:00,Battery life is horrible #Tech #Food
490,2026-09-10 07:00,AI hype is getting out of hand #AI #Food #Python
491,2026-09-03 14:00,Struggling with model overfitting again #MachineLearning #Travel
492,2026-09-17 22:00,Great workout today #Fitness #Travel
493,2026-09-23 17:00,"Debugging Python all night, awful #Python"
494,2026-09-25 07:00,What a fantastic match today #Cricket
495,2026-09-20 01:00,Our team played brilliantly #Cricket #Python
496,2026-09-01 03:00,Data science roles are booming #DataScience #Startup #Travel
497,2026-09-13 14:00,Struggling with model overfitting again #MachineLearning #Food
498,2026-09-16 03:00,"Launch day, feeling great #Startup"
499,2026-09-27 23:00,Just finished a great ML course #MachineLearning
500,2026-09-26 06:00,Excited about the new AI models #AI #Startup
